<?xml version="1.0" encoding="UTF-8"?>
<project-private xmlns="http://www.netbeans.org/ns/project-private/1">
    <editor-bookmarks xmlns="http://www.netbeans.org/ns/editor-bookmarks/2" lastBookmarkId="0"/>
    <open-files xmlns="http://www.netbeans.org/ns/projectui-open-files/2">
        <group>
            <file>file:/Users/Eshaan/NetBeansProjects/Game/src/main/game/entities/tanks/Player1.java</file>
            <file>file:/Users/Eshaan/NetBeansProjects/Game/src/main/game/obstacles/Obstacles.java</file>
            <file>file:/Users/Eshaan/NetBeansProjects/Game/src/main/game/world/World.java</file>
            <file>file:/Users/Eshaan/NetBeansProjects/Game/src/main/game/Game.java</file>
            <file>file:/Users/Eshaan/NetBeansProjects/Game/src/main/game/entities/tanks/Tank.java</file>
            <file>file:/Users/Eshaan/NetBeansProjects/Game/src/main/game/entities/Entity.java</file>
            <file>file:/Users/Eshaan/NetBeansProjects/Game/src/main/game/obstacles/Obstacle.java</file>
        </group>
    </open-files>
</project-private>
