<?xml version="1.0" encoding="UTF-8"?>
<project-private xmlns="http://www.netbeans.org/ns/project-private/1">
    <editor-bookmarks xmlns="http://www.netbeans.org/ns/editor-bookmarks/2" lastBookmarkId="0"/>
    <open-files xmlns="http://www.netbeans.org/ns/projectui-open-files/2">
        <group>
            <file>file:/Users/Eshaan/NetBeansProjects/New%20Game/src/main/display/Display.java</file>
            <file>file:/Users/Eshaan/NetBeansProjects/New%20Game/src/Bullets/BulletD.java</file>
            <file>file:/Users/Eshaan/NetBeansProjects/New%20Game/src/main/game/states/State.java</file>
            <file>file:/Users/Eshaan/NetBeansProjects/New%20Game/src/BulletControl/ControllerLeft2.java</file>
            <file>file:/Users/Eshaan/NetBeansProjects/New%20Game/src/BulletControl/ControllerRight2.java</file>
            <file>file:/Users/Eshaan/NetBeansProjects/New%20Game/src/main/game/entities/tanks/Tank.java</file>
            <file>file:/Users/Eshaan/NetBeansProjects/New%20Game/src/Bullets/BulletUp2.java</file>
            <file>file:/Users/Eshaan/NetBeansProjects/New%20Game/src/Bullets/BulletR.java</file>
            <file>file:/Users/Eshaan/NetBeansProjects/New%20Game/src/main/game/gfx/ControllerRight.java</file>
            <file>file:/Users/Eshaan/NetBeansProjects/New%20Game/src/Bullets/BulletL2.java</file>
            <file>file:/Users/Eshaan/NetBeansProjects/New%20Game/src/Bullets/BulletL.java</file>
            <file>file:/Users/Eshaan/NetBeansProjects/New%20Game/src/BulletControl/ControllerDown2.java</file>
            <file>file:/Users/Eshaan/NetBeansProjects/New%20Game/src/Bullets/BulletD2.java</file>
            <file>file:/Users/Eshaan/NetBeansProjects/New%20Game/src/main/game/Handler.java</file>
            <file>file:/Users/Eshaan/NetBeansProjects/New%20Game/src/main/game/gfx/ControllerUp.java</file>
            <file>file:/Users/Eshaan/NetBeansProjects/New%20Game/src/main/game/entities/tanks/Player1.java</file>
            <file>file:/Users/Eshaan/NetBeansProjects/New%20Game/src/main/game/gfx/SpriteSheet.java</file>
            <file>file:/Users/Eshaan/NetBeansProjects/New%20Game/src/main/game/input/MouseManager.java</file>
            <file>file:/Users/Eshaan/NetBeansProjects/New%20Game/src/main/game/states/MenuState.java</file>
            <file>file:/Users/Eshaan/NetBeansProjects/New%20Game/src/main/game/Launcher.java</file>
            <file>file:/Users/Eshaan/NetBeansProjects/New%20Game/src/main/game/world/World.java</file>
            <file>file:/Users/Eshaan/NetBeansProjects/New%20Game/src/BulletControl/ControllerUp2.java</file>
            <file>file:/Users/Eshaan/NetBeansProjects/New%20Game/src/main/game/entities/tanks/Player2.java</file>
            <file>file:/Users/Eshaan/NetBeansProjects/New%20Game/src/main/game/obstacles/Obstacle.java</file>
            <file>file:/Users/Eshaan/NetBeansProjects/New%20Game/src/main/game/gfx/ImageLoader.java</file>
            <file>file:/Users/Eshaan/NetBeansProjects/New%20Game/src/main/game/states/GameState.java</file>
            <file>file:/Users/Eshaan/NetBeansProjects/New%20Game/src/main/game/obstacles/Obstacles.java</file>
            <file>file:/Users/Eshaan/NetBeansProjects/New%20Game/src/Bullets/BulletUp.java</file>
            <file>file:/Users/Eshaan/NetBeansProjects/New%20Game/src/main/game/entities/Entity.java</file>
            <file>file:/Users/Eshaan/NetBeansProjects/New%20Game/src/main/game/gfx/Assets.java</file>
            <file>file:/Users/Eshaan/NetBeansProjects/New%20Game/src/main/game/gfx/ControllerLeft.java</file>
            <file>file:/Users/Eshaan/NetBeansProjects/New%20Game/src/main/game/input/KeyManager.java</file>
            <file>file:/Users/Eshaan/NetBeansProjects/New%20Game/src/main/game/Game.java</file>
            <file>file:/Users/Eshaan/NetBeansProjects/New%20Game/src/Bullets/BulletR2.java</file>
            <file>file:/Users/Eshaan/NetBeansProjects/New%20Game/src/main/game/gfx/ControllerDown.java</file>
            <file>file:/Users/Eshaan/NetBeansProjects/New%20Game/src/main/game/states/StateManager.java</file>
        </group>
    </open-files>
</project-private>
